iteracje,limit_stagnacji,fitness_koncowy,rozm_populacji,selekcja,krzyzowanie,mutacja,procent_rodzicow,czas
100,20,322,10,roulette,ox1,swap,50,63879310011,28
100,20,263,10,roulette,ox1,swap,50,63879310023,84
100,20,302,10,roulette,ox1,swap,50,63879383082,92
100,20,239,10,roulette,ox1,swap,50,63879383095,16
1000,20,274,10,roulette,ox1,swap,50,63879395491,28
1000,20,274,10,roulette,ox1,swap,50,63879395524,62
1000,20,332,10,roulette,ox1,swap,50,63879395535,45
1000,20,312,10,roulette,ox1,swap,50,63879395553,61
1000,20,307,10,roulette,ox1,swap,50,63879395591,22
1000,20,312,10,roulette,ox1,swap,50,63879395594,82
1000,20,317,10,roulette,ox1,swap,50,63879395609,26
1000,20,555,10,roulette,ox1,swap,50,63879395614,69
1000,100,396,10,roulette,ox1,swap,50,63879395627,94
1000,200,530,10,roulette,pmx,swap,50,63879395676,36
100,20,317,10,roulette,ox1,swap,50,63879395822,59
100,20,317,10,roulette,ox1,swap,50,63879395824,70
100,20,323,10,roulette,ox1,swap,50,63879395826,38
100,20,388,10,roulette,ox1,swap,50,63879395880,09
100,20,288,10,roulette,ox1,swap,50,63879396359,97
100,20,353,10,roulette,ox1,swap,50,63879396367,41
100,20,323,10,roulette,ox1,swap,50,63879396369,99
100,20,298,10,roulette,ox1,swap,50,63879396371,83
100,20,288,10,roulette,ox1,swap,50,63879396373,86
100,20,296,10,roulette,ox1,swap,50,63880331939,08
100,20,528,10,roulette,ox1,swap,0,63880332419,55
100,20,409,10,roulette,ox1,swap,0,63880332434,13
100,20,285,10,roulette,ox1,swap,0,5,63880332677,03
100,20,531,10,roulette,ox1,swap,1,63880332704,65
100,20,339,10,roulette,ox1,swap,0,1,63880332722,41
100,20,260,10,roulette,ox1,swap,0,5,63880332781,18
100,20,257,10,roulette,ox1,swap,0,5,63880333589,26
100,20,289,10,roulette,ox1,swap,0,5,63880333593,14
100,20,289,10,roulette,ox1,swap,0,5,63880333594,05
100,20,289,10,roulette,ox1,swap,0,5,63880333594,62
100,20,319,10,roulette,ox1,swap,0,5,63880333652,09
100,20,314,10,roulette,ox1,swap,0,5,63880333684,06
100,20,314,10,roulette,ox1,swap,0,5,63880333684,92
100,20,314,10,roulette,ox1,swap,0,5,63880333685,21
100,20,314,10,roulette,ox1,swap,0,5,63880333685,39
100,20,314,10,roulette,ox1,swap,0,5,63880333685,55
100,20,314,10,roulette,ox1,swap,0,5,63880333685,70
100,20,314,10,roulette,ox1,swap,0,5,63880333685,84
100,20,314,10,roulette,ox1,swap,0,5,63880333685,99
100,20,314,10,roulette,ox1,swap,0,5,63880333686,14
100,20,314,10,roulette,ox1,swap,0,5,63880333686,30
100,20,314,10,roulette,ox1,swap,0,5,63880333686,46
100,20,314,10,roulette,ox1,swap,0,5,63880333686,61
100,20,314,10,roulette,ox1,swap,0,5,63880333686,77
100,20,314,10,roulette,ox1,swap,0,5,63880333687,08
100,20,314,10,roulette,ox1,swap,0,5,63880333687,23
100,20,551,10,roulette,ox1,swap,0,5,63880333738,08
100,20,551,10,roulette,ox1,swap,0,5,63880333738,91
100,20,551,10,roulette,ox1,swap,0,5,63880333739,34
100,20,551,10,roulette,ox1,swap,0,5,63880333739,65
100,20,551,10,roulette,ox1,swap,0,5,63880333739,85
100,20,551,10,roulette,ox1,swap,0,5,63880333740,02
100,20,551,10,roulette,ox1,swap,0,5,63880333740,18
100,20,551,10,roulette,ox1,swap,0,5,63880333740,34
100,20,551,10,roulette,ox1,swap,0,5,63880333740,48
100,20,551,10,roulette,ox1,swap,0,5,63880333740,64
100,20,290,10,roulette,ox1,swap,0,5,63880333898,60
100,20,290,10,roulette,ox1,swap,0,5,63880333899,42
100,20,290,10,roulette,ox1,swap,0,5,63880333899,85
100,20,290,10,roulette,ox1,swap,0,5,63880333900,25
100,20,290,10,roulette,ox1,swap,0,5,63880333900,67
100,20,301,10,roulette,ox1,swap,0,5,63880334389,07
100,20,301,10,roulette,ox1,swap,0,5,63880334393,56
100,20,301,10,roulette,ox1,swap,0,5,63880334394,28
100,20,301,10,roulette,ox1,swap,0,5,63880334395,36
100,20,295,10,roulette,ox1,swap,0,5,63880334398,64
100,20,295,10,roulette,ox1,swap,0,5,63880334399,43
100,20,295,10,roulette,ox1,swap,0,5,63880334400,48
100,20,338,10,roulette,ox1,swap,0,5,63880334404,45
100,20,338,10,roulette,ox1,swap,0,5,63880334405,19
100,20,338,10,roulette,ox1,swap,0,5,63880334405,73
100,20,301,10,roulette,ox1,swap,0,5,63880334407,29
100,20,301,10,roulette,ox1,swap,0,5,63880334408,00
100,20,301,10,roulette,ox1,swap,0,5,63880334408,45
100,20,331,10,roulette,ox1,swap,0,5,63880334452,23
100,20,334,10,roulette,ox1,swap,0,5,63880334454,60
100,20,331,10,roulette,ox1,swap,0,5,63880334457,17
100,20,248,10,roulette,ox1,swap,0,5,63880334583,26
100,20,248,10,roulette,ox1,swap,0,5,63880334584,08
100,20,366,10,roulette,ox1,swap,0,5,63880334650,16
100,20,358,10,roulette,ox1,swap,0,5,63880334653,11
100,20,341,10,roulette,ox1,swap,0,5,63880334655,61
100,20,366,10,roulette,ox1,swap,0,5,63880334660,03
100,20,366,10,roulette,ox1,swap,0,5,63880334660,81
100,20,366,10,roulette,ox1,swap,0,5,63880334661,41
100,20,391,10,roulette,ox1,swap,0,5,63880334808,49
100,20,303,10,roulette,ox1,swap,0,5,63880334811,73
100,20,388,10,roulette,ox1,swap,0,5,63880334813,64
100,20,324,10,roulette,ox1,swap,0,5,63880334816,57
100,20,331,10,roulette,ox1,swap,0,5,63880334879,91
100,20,342,10,roulette,ox1,swap,0,5,63880334884,76
100,20,364,10,roulette,ox1,swap,0,5,63880334885,52
100,20,315,10,roulette,ox1,swap,0,5,63880334889,03
100,20,342,10,roulette,ox1,swap,0,5,63880334889,77
100,20,286,10,roulette,ox1,swap,0,5,63880335117,63
100,20,286,10,roulette,ox1,swap,0,5,63880335127,07
100,20,300,10,roulette,ox1,swap,0,5,63880335142,00
100,20,313,10,roulette,ox1,swap,0,5,63880335149,12
100,20,317,10,roulette,ox1,swap,0,5,63880335155,44
100,20,334,10,roulette,ox1,swap,0,5,63880335155,44
100,20,305,10,roulette,ox1,swap,0,5,63880335155,44
100,20,305,10,roulette,ox1,swap,0,5,63880335155,44
100,20,300,10,roulette,ox1,swap,0,5,63880335155,44
100,20,300,10,roulette,ox1,swap,0,5,63880335155,44
100,20,317,10,roulette,ox1,swap,0,5,63880335155,44
100,20,327,10,roulette,ox1,swap,0,5,63880335155,45
100,20,300,10,roulette,ox1,swap,0,5,63880335155,45
100,20,300,10,roulette,ox1,swap,0,5,63880335155,45
100,20,340,10,roulette,ox1,swap,0,5,63880335155,45
100,20,317,10,roulette,ox1,swap,0,5,63880335155,45
100,20,305,10,roulette,ox1,swap,0,5,63880335155,45
100,20,346,10,roulette,ox1,swap,0,5,63880335155,45
100,20,300,10,roulette,ox1,swap,0,5,63880335155,45
100,20,316,10,roulette,ox1,swap,0,5,63880335426,78, 7c28324d-a854-45b8-9c0f-502bf08d3cc6
100,20,318,10,roulette,ox1,swap,0,5,63880335436,74, 7c28324d-a854-45b8-9c0f-502bf08d3cc6
100,20,293,10,roulette,ox1,swap,0,5,63880335448,92, a7adca23-f091-412b-bff0-403de4e31c2b
100,20,294,10,roulette,ox1,swap,0,5,63880335459,81, c3fa29e8-9848-40be-9f9b-1e2665e6a1a9
100,20,313,10,roulette,ox1,swap,0,5,63880335459,82, 0d64eaf6-10fc-431e-a95b-227335584e77
100,20,369,10,roulette,ox1,swap,0,5,63880335459,82, bd98ab07-2588-4367-afd5-33cbdcad3c8b
100,20,245,10,roulette,ox1,swap,0,5,63880335459,82, 8e9db107-c5ba-4f40-9eb3-9fd5d24de5c7
100,20,245,10,roulette,ox1,swap,0,5,63880335466,17, 8e9db107-c5ba-4f40-9eb3-9fd5d24de5c7
100,20,250,10,roulette,ox1,swap,0,5,63880335466,17, 8e9db107-c5ba-4f40-9eb3-9fd5d24de5c7
100,20,250,10,roulette,ox1,swap,0,5,63880335466,17, 8e9db107-c5ba-4f40-9eb3-9fd5d24de5c7
100,20,260,10,roulette,ox1,swap,0,5,63880335466,17, 8e9db107-c5ba-4f40-9eb3-9fd5d24de5c7
83855de8-34e9-4c5b-9c67-f364312329dc,63880335827,77,10,1,281,10,10,roulette,ox1,swap,0,5,0,1,0,9,False
bc51f38c-ebfc-466b-9082-134329f2a00f,63880335898,86,100,20,292,10,10,roulette,ox1,swap,0,5,0,1,0,9,False
bc51f38c-ebfc-466b-9082-134329f2a00f,63880335904,33,100,20,295,10,10,roulette,ox1,swap,0,5,0,1,0,9,False
bf7ecc2f-a5fd-4854-b126-bb3ab2115c84,63880335962,86,20,20,345,10,10,roulette,ox1,swap,0,5,0,1,0,9,False
d273997c-86b0-42a9-9d1f-5f361bf5bf44,63880336023,87,30,20,313,10,10,roulette,ox1,swap,0,5,0,1,0,9,False
d273997c-86b0-42a9-9d1f-5f361bf5bf44,63880336027,56,30,20,295,10,10,roulette,ox1,swap,0,5,0,1,0,9,True
d273997c-86b0-42a9-9d1f-5f361bf5bf44,63880336030,27,30,20,342,10,10,roulette,ox1,swap,0,5,0,1,0,9,True
d273997c-86b0-42a9-9d1f-5f361bf5bf44,63880336032,25,30,20,332,10,10,roulette,ox1,swap,0,5,0,1,0,9,True
d273997c-86b0-42a9-9d1f-5f361bf5bf44,63880336035,03,30,20,309,10,10,roulette,ox1,swap,0,5,0,1,0,9,True
d273997c-86b0-42a9-9d1f-5f361bf5bf44,63880336037,09,30,20,305,10,10,roulette,ox1,swap,0,5,0,1,0,9,True
d273997c-86b0-42a9-9d1f-5f361bf5bf44,63880336038,90,30,20,321,10,10,roulette,ox1,swap,0,5,0,1,0,9,True
2413f4bd-c0ba-4191-b583-85e829ba07e5,63880336141,05,100,20,351,10,10,roulette,ox1,swap,0,5,0,1,0,9,True
2413f4bd-c0ba-4191-b583-85e829ba07e5,63880336143,45,100,20,313,10,10,roulette,ox1,swap,0,5,0,1,0,9,True
30d19039-6f5a-43e6-a938-27489a78b31f,63880336886,76,100,20,57,290,10,10,roulette,ox1,swap,0,5,0,1,0,9
30d19039-6f5a-43e6-a938-27489a78b31f,63880336915,81,100,20,49,282,10,10,roulette,ox1,swap,0,5,0,1,0,9
30d19039-6f5a-43e6-a938-27489a78b31f,63880336915,81,100,20,52,337,10,10,roulette,ox1,swap,0,5,0,1,0,9
30d19039-6f5a-43e6-a938-27489a78b31f,63880336915,81,100,20,41,312,10,10,roulette,ox1,swap,0,5,0,1,0,9
30d19039-6f5a-43e6-a938-27489a78b31f,63880336915,81,100,20,59,282,10,10,roulette,ox1,swap,0,5,0,1,0,9
30d19039-6f5a-43e6-a938-27489a78b31f,63880336915,81,100,20,58,282,10,10,roulette,ox1,swap,0,5,0,1,0,9
